{
  "brand": {
    "name": "Peek Projects",
    "tagline": "Design. Automate. Elevate.",
    "footer": "Peek Projects LLC \u00b7 Building Intelligence That Works."
  },
  "hero": {
    "kicker": "Consulting \u00b7 Engineering \u00b7 AI",
    "headline": "Where Engineering Meets Understanding.",
    "subtext": "Peek Projects helps businesses translate vision into intelligent, data\u2011driven solutions. We design and build modern web & iOS apps, integrate AI, and architect data systems that scale.",
    "cta": "Get Started"
  },
  "about": {
    "title": "About Isaiah Peek",
    "paragraphs": [
      "Senior Application Architect turned founder, with 7+ years building data platforms, automation systems, and user\u2011friendly web applications in finance and data\u2011centric environments.",
      "I bridge business goals with engineering reality\u2014clarifying the \u2018why\u2019, designing the \u2018how\u2019, and implementing solutions that last.",
      "Skills: Python, JavaScript (React/Next.js), SQL, AI model integration, and native iOS development with SwiftUI.",
      "Experienced leading cloud data migrations on **Azure** and **AWS**\u2014from discovery and architecture to secure cutover and optimization."
    ]
  },
  "services": {
    "title": "Services",
    "items": [
      {
        "title": "Web & App Development",
        "summary": "Responsive, accessible web experiences and native iOS apps.",
        "bullets": [
          "React/Next.js front\u2011ends with clean design systems",
          "REST/GraphQL APIs and authentication",
          "SwiftUI iOS apps with modern patterns"
        ]
      },
      {
        "title": "AI Integrations & Automation",
        "summary": "Embed intelligence where it drives outcomes.",
        "bullets": [
          "Chatbots and assistants (OpenAI/Claude/custom)",
          "Summarization, extraction, and knowledge search",
          "Agent workflows and internal tooling automation"
        ]
      },
      {
        "title": "Data & System Architecture",
        "summary": "Connect systems, reduce toil, and make insights routine.",
        "bullets": [
          "ETL/ELT design and orchestration",
          "Power BI/Fabric and data modeling",
          "Azure/AWS integration and security patterns"
        ]
      },
      {
        "title": "Cloud Data Migrations (Azure / AWS)",
        "summary": "Plan and execute migrations with zero\u2011drama cutovers and measurable ROI.",
        "bullets": [
          "Discovery & migration plan (RTO/RPO, dependencies, runbooks)",
          "Schema & pipeline re\u2011platforming (Azure SQL/Synapse/Databricks \u00b7 AWS RDS/Redshift/Glue)",
          "Networking/IAM/Secrets (Key Vault/KMS), IaC (Bicep/Terraform), observability & rollback"
        ]
      },
      {
        "title": "Business Discovery & Consulting",
        "summary": "Understand needs before writing a line of code.",
        "bullets": [
          "Process mapping and automation audits",
          "Technical strategy & roadmap documents",
          "ROI framing and phased delivery plans"
        ]
      },
      {
        "title": "UX Prototyping & Product Design",
        "summary": "Reduce risk with tangible prototypes.",
        "bullets": [
          "Figma wireframes and clickable demos",
          "Usability testing loops",
          "Design tokens and component libraries"
        ]
      }
    ]
  },
  "projects": {
    "title": "Projects",
    "items": [
      {
        "title": "Enterprise Data Modernization",
        "summary": "Optimized ETL pipelines (Presto/Oracle) to cut runtime from ~2 weeks to 4 days with reliability and observability improvements."
      },
      {
        "title": "Cloud Data Migration Program (Azure/AWS)",
        "summary": "Lift\u2011and\u2011elevate approach: staged syncs, parallel validation, secure secrets and IAM, and final cutover with monitored rollback."
      },
      {
        "title": "Analytics\u2011Enabled Portals",
        "summary": "React/Next.js portals with embedded analytics, RBAC, and secure data access for business users."
      },
      {
        "title": "AI\u2011Driven Internal Tools",
        "summary": "Automation assistants and extractors that accelerate operations without adding headcount."
      }
    ]
  },
  "process": {
    "title": "Process",
    "steps": [
      {
        "name": "Discover",
        "desc": "Align on goals, constraints, and success metrics."
      },
      {
        "name": "Design",
        "desc": "Prototype quickly to validate direction and reduce risk."
      },
      {
        "name": "Develop",
        "desc": "Build clean, scalable systems with pragmatic trade\u2011offs."
      },
      {
        "name": "Deploy & Iterate",
        "desc": "Measure outcomes; refine continuously."
      }
    ]
  },
  "contact": {
    "title": "Contact",
    "email": "isaiah@peek.consulting"
  }
}